BMI_Category,Recommended_Foods,Avoid_Foods,Calorie_Intake,Diet_Recommended,Hydration_Advice,Exercise_Recommendation
Underweight,"Nuts, dairy, lean meats, rice, potatoes, avocados, eggs, peanut butter, cheese, protein shakes, whole grains, fatty fish","Sugary drinks, processed snacks, fast food, excessive caffeine, low-nutrient foods, sodas, fried foods",2500-3000,"Breakfast: Oatmeal with nuts & banana, Lunch: Grilled chicken with rice & veggies, Dinner: Salmon with quinoa, Snack: Greek yogurt with honey","Drink at least 3 liters of water daily, include smoothies and milk-based drinks for extra calories.","Strength training, yoga, high-calorie intake workouts like weightlifting."
Healthy Weight,"Lean proteins, whole grains, fruits, vegetables, beans, lentils, yogurt, eggs, seafood, nuts, seeds, olive oil","Sugary snacks, refined carbs, excessive fried food, excessive alcohol, high-sodium processed foods, artificial sweeteners",2000-2500,"Breakfast: Greek yogurt with berries, Lunch: Quinoa salad with grilled fish, Dinner: Stir-fried tofu & veggies, Snack: Handful of almonds","Aim for 2.5-3 liters of water, include herbal teas and coconut water.","A balanced mix of cardio, strength training, and flexibility exercises."
Overweight,"Low-carb, high-protein, fiber-rich foods, leafy greens, chicken, fish, eggs, lean beef, low-fat dairy, nuts, chia seeds","Processed sugar, refined grains, high-fat fast food, excessive dairy, deep-fried foods, sugary beverages, white bread",1500-2000,"Breakfast: Scrambled eggs with spinach, Lunch: Grilled chicken salad, Dinner: Lentil soup with steamed veggies, Snack: Carrot sticks with hummus","Ensure 3 liters of water daily, include green tea and lemon water for metabolism boost.","High-intensity interval training (HIIT), resistance training, and brisk walking."
Obese,"Strict calorie deficit, lean proteins, fiber-rich foods, healthy fats, broccoli, kale, cauliflower, carrots, almonds, berries","Sugary drinks, processed carbs, fried foods, excessive dairy, red meat, white bread, high-calorie sauces, trans fats",1200-1500,"Breakfast: Chia seed pudding, Lunch: Baked salmon with broccoli, Dinner: Grilled turkey with quinoa & greens, Snack: Cottage cheese with walnuts","Drink 3.5 liters of water, avoid sugary drinks, and include detox water with cucumber & mint.","Cardio-focused workouts, resistance training, and swimming to reduce weight."
Diabetic,"Whole grains, lean protein, legumes, leafy greens, berries, nuts, olive oil, low-fat dairy, green tea, flaxseeds","Refined sugars, white rice, high-sodium processed foods, artificial sweeteners, packaged fruit juices, processed meats",1400-1800,"Breakfast: Scrambled eggs with whole wheat toast, Lunch: Quinoa & black bean bowl, Dinner: Grilled fish & veggies, Snack: Apple slices with peanut butter","Stay hydrated with 3 liters of water, opt for unsweetened herbal tea and infused water.","Low-impact exercises like yoga, brisk walking, and light weightlifting."
Heart Health,"Omega-3 rich fish, whole grains, nuts, seeds, fruits, vegetables, low-fat dairy, dark chocolate, avocado, lentils","High-sodium foods, processed meats, trans fats, refined sugar, fried foods, excess saturated fats, excessive coffee",1600-2200,"Breakfast: Oatmeal with flaxseeds, Lunch: Grilled salmon with quinoa, Dinner: Stir-fried tofu & greens, Snack: Dark chocolate with almonds","Drink 2.5-3 liters of water, include omega-3-rich drinks like flaxseed-infused water.","Aerobic exercises, swimming, and flexibility-focused workouts."
